Workbook

Sheet 00_설계가이드
A1: TeamfightTCG 경제시스템 설계
A2: 현재 프로젝트 구현값과 레퍼런스 구조를 바탕으로, 재화별 수급 경로당 수량과 소비 속도를 조정하는 워크북입니다.
A4: 고정 경제 규칙
A5: 구분 | B5: 고정 규칙 | C5: 모델 반영 | D5: QA
A6: 전투 결과 | B6: 게임 결과 보상은 Gold | C6: 승/패 기대 골드를 별도 계산 | D6: Gold 외 지급 시 FAIL
A7: 카드 강화 | B7: 일반 강화는 Shard | C7: Lv2~Lv4 단계별 비용 | D7: Shard 외 소비 시 FAIL
A8: 한계돌파 | B8: 카드별 먹이(CardFood) | C8: 중복 1장=해당 카드 먹이 1 | D8: 범용 전환 시 FAIL
A9: 카드팩 | B9: 오픈 비용은 Gold 또는 Diamond | C9: 팩별 이중 가격 비교 | D9: 그 외 재화면 FAIL
A10: 키워드 강화 | B10: Energy 소비 | C10: Lv1~Lv10 누적 비용 | D10: Energy 외 소비 시 FAIL
A11: 제한 수급 | B11: Energy·Shard는 토너먼트/앨범 전용 | C11: 두 Source만 재화흐름에 등록 | D11: 불법 Source 자동 검출
A13: 사용 순서
A14: 1) 02_공통파라미터에서 유저 시나리오와 목표 플레이량을 조정
A15: 2) 03~08 시트에서 경로별 보상·가격·성장 비용의 노란 셀을 조정
A16: 3) 09_재화흐름에서 주간 Source/Sink와 고정 규칙 위반을 확인
A17: 4) 10_시뮬레이터와 11_대시보드에서 7일·30일 잔액 및 성장 속도를 확인
A18: 5) 12_QA의 FAIL이 0인지 확인한 뒤 스펙시트로 반영
A21: 색상 범례
A22: 노란색 | B22: 설계자가 조정하는 입력값
A23: 파란색 | B23: 수식 계산값
A24: 초록색 | B24: 검증 통과
A25: 빨간색 | B25: 검증 실패/조치 필요

Sheet 01_현재구현
A1: 현재 프로젝트 경제 구현 매핑
A2: 코드/SO에서 확인한 현재 동작과 본 설계의 적용 방향을 분리했습니다.
A4: 영역 | B4: 재화 | C4: 현재값/규칙 | D4: 수급·소비 경로 | E4: 진실원 | F4: 설계 반영 | G4: 상태
A5: 전투 보상 | B5: Gold | C5: 승: max(생존카드×10,10), 패: 5 | D5: 전투 종료 Source | E5: RewardConfig.asset / RewardService.CalculateReward | F5: 현행 기준값 유지 | G5: 확인
A6: 팩 구매 | B6: Gold/Diamond | C6: Gold 폴백 110·140, Diamond 폴백 30 | D6: CardPackOpener.TryPurchase Sink | E6: SpecData CardPack 우선, CardPackData SO 폴백 | F6: 제안 가격 별도 입력 | G6: 확인
A7: 중복 카드 | B7: CardFood | C7: 중복 1장당 해당 CardId 먹이 1 | D7: 팩 개봉 Source | E7: CardPackOpener.SnackPerDuplicate | F7: 카드별 비통합 재화 유지 | G7: 확인
A8: 카드 강화 | B8: Shard | C8: Lv2 25 / Lv3 75 / Lv4 150 | D8: CardGrowthManager Sink | E8: CardGrowthConfig.asset | F8: 현행 기준값 유지 | G8: 확인
A9: 한계돌파 | B9: CardFood | C9: 1/2/3단계 먹이 1/2/3 | D9: CardGrowthManager.TryLimitBreak Sink | E9: CardGrowthConfig.asset | F9: 현행 기준값 유지 | G9: 확인
A10: 키워드 강화 | B10: Energy | C10: 5 + 5×(대상Lv-1), 최대 Lv10 | D10: KeywordGrowthManager Sink | E10: KeywordGrowthConfig 코드 기본값 | F10: 현행 기준값 유지 | G10: 확인
A11: 토너먼트 | B11: Energy/Shard | C11: 스펙시트 지급, 일회성 노드·챕터 보상 | D11: TournamentProgress Source | E11: TournamentReward 스펙 | F11: 전용 수급처로 유지 | G11: 수량 설계 필요
A12: 앨범 | B12: Energy/Shard | C12: 페이지·테마·전체 완성 보상 | D12: AlbumRewardManager Source | E12: AlbumReward 스펙 | F12: 전용 수급처로 유지 | G12: 수량 설계 필요

Sheet 02_공통파라미터
A1: 공통 파라미터
A2: 노란 셀만 조정하면 나머지 시트가 자동 갱신됩니다.
A4: 선택 시나리오 | B4: 표준
A6: 시나리오 | B6: 판수/일 | C6: 승률 | D6: 승리 평균 생존카드 | E6: 토너먼트 노드/주 | F6: 앨범 마일스톤/주 | G6: Gold팩/주 | H6: Diamond팩/월 | I6: 카드강화/주 | J6: 키워드강화/주 | K6: 한계돌파/주
A7: 라이트 | B7: 4 | C7: 0.45 | D7: 2.5 | E7: 1 | F7: 0.3 | G7: 1 | H7: 0.5 | I7: 0.5 | J7: 0.25 | K7: 0.15
A8: 표준 | B8: 6 | C8: 0.55 | D8: 3 | E8: 2 | F8: 0.6 | G8: 2 | H8: 1 | I8: 1 | J8: 0.5 | K8: 0.3
A9: 하드코어 | B9: 10 | C9: 0.65 | D9: 4 | E9: 4 | F9: 1.2 | G9: 4 | H9: 2 | I9: 2 | J9: 1 | K9: 0.6
A12: 전역 설계값
A13: 파라미터 | B13: 값 | C13: 단위 | D13: 설명
A14: 시즌 길이 | B14: 28 | C14: 일 | D14: 토너먼트/앨범 장기 수급 환산 기준
A15: 초기 Gold | B15: 500 | C15: 개 | D15: 신규 유저 시작 잔액 가정
A16: 초기 Diamond | B16: 100 | C16: 개 | D16: 신규 유저 시작 잔액 가정
A17: 초기 Energy | B17: 0 | C17: 개 | D17: 전용 콘텐츠 진척 전에는 0
A18: 초기 Shard | B18: 0 | C18: 개 | D18: 전용 콘텐츠 진척 전에는 0
A19: 대표 카드 먹이 | B19: 0 | C19: 개 | D19: 시뮬레이터는 카드 한 장 기준
A20: Normal 팩 제안가 | B20: 250 | C20: Gold | D20: 현재 폴백 110 대비 경제 목표가
A21: Special 팩 제안가 | B21: 400 | C21: Gold | D21: 현재 폴백 140 대비 경제 목표가
A22: 테마/Ultra 팩 제안가 | B22: 30 | C22: Diamond | D22: 현재 폴백과 동일
A23: 중복 확률 | B23: 0.45 | C23: 비율 | D23: 보유 컬렉션 성장에 따라 갱신
A24: 중복 먹이/장 | B24: 1 | C24: 개 | D24: CardPackOpener.SnackPerDuplicate
A25: 모델 기간 | B25: 30 | C25: 일 | D25: 시뮬레이터 표시 기간
A26: Source 집중 경고 | B26: 0.7 | C26: 비율 | D26: 한 경로가 재화 수급을 과점하면 경고

Sheet 03_게임결과보상
A1: 게임 결과 Gold 보상
A2: 현재 구현식과 플레이 시나리오를 결합해 일·주 기대 Gold를 계산합니다.
A4: 결과 | B4: 지급 재화 | C4: 확률 | D4: Gold/생존카드 | E4: 하한/고정 | F4: 평균 생존카드 | G4: 1회 기대 보상 | H4: 횟수/일 | I4: Gold/일 | J4: Gold/주
A5: 승리 | B5: Gold | C5: =INDEX('02_공통파라미터'!$C$7:$C$9,MATCH('02_공통파라미터'!$B$4,'02_공통파라미터'!$A$7:$A$9,0)) -> 0.55 | D5: 10 | E5: 10 | F5: =INDEX('02_공통파라미터'!$D$7:$D$9,MATCH('02_공통파라미터'!$B$4,'02_공통파라미터'!$A$7:$A$9,0)) -> 3 | G5: =MAX(D5*F5,E5) -> 30 | H5: =INDEX('02_공통파라미터'!$B$7:$B$9,MATCH('02_공통파라미터'!$B$4,'02_공통파라미터'!$A$7:$A$9,0))*C5 -> 3.3 | I5: =G5*H5 -> 99 | J5: =I5*7 -> 693
A6: 패배 | B6: Gold | C6: =1-C5 -> 0.45 | D6: 0 | E6: 5 | F6: 0 | G6: =E6 -> 5 | H6: =INDEX('02_공통파라미터'!$B$7:$B$9,MATCH('02_공통파라미터'!$B$4,'02_공통파라미터'!$A$7:$A$9,0))*C6 -> 2.7 | I6: =G6*H6 -> 13.5 | J6: =I6*7 -> 94.5
A8: 합계 | I8: =SUM(I5:I6) -> 112.5 | J8: =SUM(J5:J6) -> 787.5

Sheet 04_토너먼트보상
A1: 토너먼트 보상 설계
A2: Energy·Shard의 전용 수급처. 정점 보상과 챕터 완주 보상을 일회성 진행 보상으로 모델링합니다.
A4: 챕터 | B4: 보상ID | C4: 유형 | D4: 재화 | E4: 제안 수량 | F4: 주기 | G4: 예상 수령/주 | H4: 기대 수급/주 | I4: 근거 | J4: QA
A5: 1 | B5: T1_N1 | C5: 노드 | D5: Energy | E5: 5 | F5: 일회성 | G5: =INDEX('02_공통파라미터'!$E$7:$E$9,MATCH('02_공통파라미터'!$B$4,'02_공통파라미터'!$A$7:$A$9,0))/6 -> 0.33333333 | H5: =E5*G5 -> 1.6666667 | I5: 초기 키워드 강화 맛보기 | J5: =IF(OR(D5="Energy",D5="Shard"),"PASS","FAIL") -> PASS
A6: 1 | B6: T1_N2 | C6: 노드 | D6: Shard | E6: 20 | F6: 일회성 | G6: =INDEX('02_공통파라미터'!$E$7:$E$9,MATCH('02_공통파라미터'!$B$4,'02_공통파라미터'!$A$7:$A$9,0))/6 -> 0.33333333 | H6: =E6*G6 -> 6.6666667 | I6: 초기 카드 강화 진입 | J6: =IF(OR(D6="Energy",D6="Shard"),"PASS","FAIL") -> PASS
A7: 1 | B7: T1_N3 | C7: 노드 | D7: Energy | E7: 5 | F7: 일회성 | G7: =INDEX('02_공통파라미터'!$E$7:$E$9,MATCH('02_공통파라미터'!$B$4,'02_공통파라미터'!$A$7:$A$9,0))/6 -> 0.33333333 | H7: =E7*G7 -> 1.6666667 | I7: 노드 교차 보상 | J7: =IF(OR(D7="Energy",D7="Shard"),"PASS","FAIL") -> PASS
A8: 1 | B8: T1_N4 | C8: 노드 | D8: Shard | E8: 20 | F8: 일회성 | G8: =INDEX('02_공통파라미터'!$E$7:$E$9,MATCH('02_공통파라미터'!$B$4,'02_공통파라미터'!$A$7:$A$9,0))/6 -> 0.33333333 | H8: =E8*G8 -> 6.6666667 | I8: 노드 교차 보상 | J8: =IF(OR(D8="Energy",D8="Shard"),"PASS","FAIL") -> PASS
A9: 1 | B9: T1_N5 | C9: 노드 | D9: Energy | E9: 10 | F9: 일회성 | G9: =INDEX('02_공통파라미터'!$E$7:$E$9,MATCH('02_공통파라미터'!$B$4,'02_공통파라미터'!$A$7:$A$9,0))/6 -> 0.33333333 | H9: =E9*G9 -> 3.3333333 | I9: 챕터 후반 가중 | J9: =IF(OR(D9="Energy",D9="Shard"),"PASS","FAIL") -> PASS
A10: 1 | B10: T1_N6 | C10: 노드 | D10: Shard | E10: 30 | F10: 일회성 | G10: =INDEX('02_공통파라미터'!$E$7:$E$9,MATCH('02_공통파라미터'!$B$4,'02_공통파라미터'!$A$7:$A$9,0))/6 -> 0.33333333 | H10: =E10*G10 -> 10 | I10: 챕터 후반 가중 | J10: =IF(OR(D10="Energy",D10="Shard"),"PASS","FAIL") -> PASS
A11: 1 | B11: T1_CLEAR_E | C11: 챕터 | D11: Energy | E11: 20 | F11: 일회성 | G11: =INDEX('02_공통파라미터'!$E$7:$E$9,MATCH('02_공통파라미터'!$B$4,'02_공통파라미터'!$A$7:$A$9,0))/6 -> 0.33333333 | H11: =E11*G11 -> 6.6666667 | I11: 완주 보너스 | J11: =IF(OR(D11="Energy",D11="Shard"),"PASS","FAIL") -> PASS
A12: 1 | B12: T1_CLEAR_S | C12: 챕터 | D12: Shard | E12: 50 | F12: 일회성 | G12: =INDEX('02_공통파라미터'!$E$7:$E$9,MATCH('02_공통파라미터'!$B$4,'02_공통파라미터'!$A$7:$A$9,0))/6 -> 0.33333333 | H12: =E12*G12 -> 16.666667 | I12: 완주 보너스 | J12: =IF(OR(D12="Energy",D12="Shard"),"PASS","FAIL") -> PASS
A13: 2 | B13: T2_N1 | C13: 노드 | D13: Energy | E13: 10 | F13: 일회성 | G13: =INDEX('02_공통파라미터'!$E$7:$E$9,MATCH('02_공통파라미터'!$B$4,'02_공통파라미터'!$A$7:$A$9,0))/6 -> 0.33333333 | H13: =E13*G13 -> 3.3333333 | I13: 중반 노드 | J13: =IF(OR(D13="Energy",D13="Shard"),"PASS","FAIL") -> PASS
A14: 2 | B14: T2_N2 | C14: 노드 | D14: Shard | E14: 30 | F14: 일회성 | G14: =INDEX('02_공통파라미터'!$E$7:$E$9,MATCH('02_공통파라미터'!$B$4,'02_공통파라미터'!$A$7:$A$9,0))/6 -> 0.33333333 | H14: =E14*G14 -> 10 | I14: 중반 노드 | J14: =IF(OR(D14="Energy",D14="Shard"),"PASS","FAIL") -> PASS
A15: 2 | B15: T2_CLEAR_E | C15: 챕터 | D15: Energy | E15: 30 | F15: 일회성 | G15: =INDEX('02_공통파라미터'!$E$7:$E$9,MATCH('02_공통파라미터'!$B$4,'02_공통파라미터'!$A$7:$A$9,0))/6 -> 0.33333333 | H15: =E15*G15 -> 10 | I15: 중반 완주 | J15: =IF(OR(D15="Energy",D15="Shard"),"PASS","FAIL") -> PASS
A16: 2 | B16: T2_CLEAR_S | C16: 챕터 | D16: Shard | E16: 75 | F16: 일회성 | G16: =INDEX('02_공통파라미터'!$E$7:$E$9,MATCH('02_공통파라미터'!$B$4,'02_공통파라미터'!$A$7:$A$9,0))/6 -> 0.33333333 | H16: =E16*G16 -> 25 | I16: 중반 완주 | J16: =IF(OR(D16="Energy",D16="Shard"),"PASS","FAIL") -> PASS
A18: 합계 | H18: =SUM(H5:H16) -> 101.66667

Sheet 05_앨범보상
A1: 앨범 보상 설계
A2: Energy·Shard의 두 번째 전용 수급처. 페이지→테마→앨범 완성으로 보상을 계단식 배치합니다.
A4: 단계 | B4: 보상ID | C4: 조건 | D4: 재화 | E4: 제안 수량 | F4: 주기 | G4: 예상 달성/주 | H4: 기대 수급/주 | I4: 설계 의도 | J4: QA
A5: 페이지 | B5: A_PAGE_E1 | C5: 페이지 1 완성 | D5: Energy | E5: 10 | F5: 일회성 | G5: =INDEX('02_공통파라미터'!$F$7:$F$9,MATCH('02_공통파라미터'!$B$4,'02_공통파라미터'!$A$7:$A$9,0))*0.7/COUNTIF($A$5:$A$12,A5) -> 0.105 | H5: =E5*G5 -> 1.05 | I5: 초기 즉시 효용 | J5: =IF(OR(D5="Energy",D5="Shard"),"PASS","FAIL") -> PASS
A6: 페이지 | B6: A_PAGE_S1 | C6: 페이지 2 완성 | D6: Shard | E6: 25 | F6: 일회성 | G6: =INDEX('02_공통파라미터'!$F$7:$F$9,MATCH('02_공통파라미터'!$B$4,'02_공통파라미터'!$A$7:$A$9,0))*0.7/COUNTIF($A$5:$A$12,A6) -> 0.105 | H6: =E6*G6 -> 2.625 | I6: 카드 강화 보조 | J6: =IF(OR(D6="Energy",D6="Shard"),"PASS","FAIL") -> PASS
A7: 페이지 | B7: A_PAGE_E2 | C7: 페이지 3 완성 | D7: Energy | E7: 15 | F7: 일회성 | G7: =INDEX('02_공통파라미터'!$F$7:$F$9,MATCH('02_공통파라미터'!$B$4,'02_공통파라미터'!$A$7:$A$9,0))*0.7/COUNTIF($A$5:$A$12,A7) -> 0.105 | H7: =E7*G7 -> 1.575 | I7: 키워드 성장 보조 | J7: =IF(OR(D7="Energy",D7="Shard"),"PASS","FAIL") -> PASS
A8: 페이지 | B8: A_PAGE_S2 | C8: 페이지 4 완성 | D8: Shard | E8: 35 | F8: 일회성 | G8: =INDEX('02_공통파라미터'!$F$7:$F$9,MATCH('02_공통파라미터'!$B$4,'02_공통파라미터'!$A$7:$A$9,0))*0.7/COUNTIF($A$5:$A$12,A8) -> 0.105 | H8: =E8*G8 -> 3.675 | I8: 카드 강화 보조 | J8: =IF(OR(D8="Energy",D8="Shard"),"PASS","FAIL") -> PASS
A9: 테마 | B9: A_THEME_E | C9: 테마 완성 | D9: Energy | E9: 30 | F9: 일회성 | G9: =INDEX('02_공통파라미터'!$F$7:$F$9,MATCH('02_공통파라미터'!$B$4,'02_공통파라미터'!$A$7:$A$9,0))*0.25/COUNTIF($A$5:$A$12,A9) -> 0.075 | H9: =E9*G9 -> 2.25 | I9: 중기 수집 목표 | J9: =IF(OR(D9="Energy",D9="Shard"),"PASS","FAIL") -> PASS
A10: 테마 | B10: A_THEME_S | C10: 테마 완성 | D10: Shard | E10: 75 | F10: 일회성 | G10: =INDEX('02_공통파라미터'!$F$7:$F$9,MATCH('02_공통파라미터'!$B$4,'02_공통파라미터'!$A$7:$A$9,0))*0.25/COUNTIF($A$5:$A$12,A10) -> 0.075 | H10: =E10*G10 -> 5.625 | I10: 중기 수집 목표 | J10: =IF(OR(D10="Energy",D10="Shard"),"PASS","FAIL") -> PASS
A11: 앨범 | B11: A_ALL_E | C11: 전체 앨범 완성 | D11: Energy | E11: 100 | F11: 일회성 | G11: =INDEX('02_공통파라미터'!$F$7:$F$9,MATCH('02_공통파라미터'!$B$4,'02_공통파라미터'!$A$7:$A$9,0))*0.05/COUNTIF($A$5:$A$12,A11) -> 0.015 | H11: =E11*G11 -> 1.5 | I11: 장기 수집 보상 | J11: =IF(OR(D11="Energy",D11="Shard"),"PASS","FAIL") -> PASS
A12: 앨범 | B12: A_ALL_S | C12: 전체 앨범 완성 | D12: Shard | E12: 250 | F12: 일회성 | G12: =INDEX('02_공통파라미터'!$F$7:$F$9,MATCH('02_공통파라미터'!$B$4,'02_공통파라미터'!$A$7:$A$9,0))*0.05/COUNTIF($A$5:$A$12,A12) -> 0.015 | H12: =E12*G12 -> 3.75 | I12: 장기 수집 보상 | J12: =IF(OR(D12="Energy",D12="Shard"),"PASS","FAIL") -> PASS
A14: 합계 | H14: =SUM(H5:H12) -> 22.05

Sheet 06_카드팩
A1: 카드팩 가격·중복 먹이 설계
A2: 현재 폴백값과 제안값을 함께 두고, 팩당 기대 신규 카드와 카드별 먹이 발생량을 비교합니다.
A4: PackId | B4: 표시명 | C4: 채널 | D4: 현재 재화 | E4: 현재가 | F4: 제안 재화 | G4: 제안가 | H4: 장수 | I4: 팩내 중복금지 | J4: 중복확률 | K4: 먹이/중복 | L4: 기대 먹이/팩 | M4: 기대 신규/팩 | N4: QA
A5: NormalPack_TEST | B5: 일반 팩 | C5: Shop | D5: Gold | E5: 110 | F5: Gold | G5: ='02_공통파라미터'!$B$20 -> 250 | H5: 6 | I5: 0 | J5: ='02_공통파라미터'!$B$23 -> 0.45 | K5: ='02_공통파라미터'!$B$24 -> 1 | L5: =H5*J5*K5 -> 2.7 | M5: =H5*(1-J5) -> 3.3 | N5: =IF(OR(F5="Gold",F5="Diamond"),"PASS","FAIL") -> PASS
A6: SpecialPack | B6: 스페셜 팩 | C6: Shop | D6: Gold | E6: 140 | F6: Gold | G6: ='02_공통파라미터'!$B$21 -> 400 | H6: 6 | I6: 0 | J6: ='02_공통파라미터'!$B$23 -> 0.45 | K6: ='02_공통파라미터'!$B$24 -> 1 | L6: =H6*J6*K6 -> 2.7 | M6: =H6*(1-J6) -> 3.3 | N6: =IF(OR(F6="Gold",F6="Diamond"),"PASS","FAIL") -> PASS
A7: ElementalFlowPack | B7: 원소의 흐름 | C7: Shop | D7: Diamond | E7: 30 | F7: Diamond | G7: ='02_공통파라미터'!$B$22 -> 30 | H7: 6 | I7: 0 | J7: ='02_공통파라미터'!$B$23 -> 0.45 | K7: ='02_공통파라미터'!$B$24 -> 1 | L7: =H7*J7*K7 -> 2.7 | M7: =H7*(1-J7) -> 3.3 | N7: =IF(OR(F7="Gold",F7="Diamond"),"PASS","FAIL") -> PASS
A8: GiantsGardenPack | B8: 거인의 정원 | C8: Shop | D8: Diamond | E8: 30 | F8: Diamond | G8: ='02_공통파라미터'!$B$22 -> 30 | H8: 6 | I8: 0 | J8: ='02_공통파라미터'!$B$23 -> 0.45 | K8: ='02_공통파라미터'!$B$24 -> 1 | L8: =H8*J8*K8 -> 2.7 | M8: =H8*(1-J8) -> 3.3 | N8: =IF(OR(F8="Gold",F8="Diamond"),"PASS","FAIL") -> PASS
A9: HuntingBrandPack | B9: 사냥의 낙인 | C9: Shop | D9: Diamond | E9: 30 | F9: Diamond | G9: ='02_공통파라미터'!$B$22 -> 30 | H9: 6 | I9: 0 | J9: ='02_공통파라미터'!$B$23 -> 0.45 | K9: ='02_공통파라미터'!$B$24 -> 1 | L9: =H9*J9*K9 -> 2.7 | M9: =H9*(1-J9) -> 3.3 | N9: =IF(OR(F9="Gold",F9="Diamond"),"PASS","FAIL") -> PASS
A10: IronArmorPack | B10: 철벽의 갑주 | C10: Shop | D10: Diamond | E10: 30 | F10: Diamond | G10: ='02_공통파라미터'!$B$22 -> 30 | H10: 6 | I10: 0 | J10: ='02_공통파라미터'!$B$23 -> 0.45 | K10: ='02_공통파라미터'!$B$24 -> 1 | L10: =H10*J10*K10 -> 2.7 | M10: =H10*(1-J10) -> 3.3 | N10: =IF(OR(F10="Gold",F10="Diamond"),"PASS","FAIL") -> PASS
A11: ImmortalLegacyPack | B11: 불멸의 유산 | C11: Shop | D11: Diamond | E11: 30 | F11: Diamond | G11: ='02_공통파라미터'!$B$22 -> 30 | H11: 6 | I11: 0 | J11: ='02_공통파라미터'!$B$23 -> 0.45 | K11: ='02_공통파라미터'!$B$24 -> 1 | L11: =H11*J11*K11 -> 2.7 | M11: =H11*(1-J11) -> 3.3 | N11: =IF(OR(F11="Gold",F11="Diamond"),"PASS","FAIL") -> PASS
A12: UltraPack | B12: 울트라 팩 | C12: Shop | D12: Diamond | E12: 30 | F12: Diamond | G12: ='02_공통파라미터'!$B$22 -> 30 | H12: 6 | I12: 1 | J12: ='02_공통파라미터'!$B$23 -> 0.45 | K12: ='02_공통파라미터'!$B$24 -> 1 | L12: =H12*J12*K12 -> 2.7 | M12: =H12*(1-J12) -> 3.3 | N12: =IF(OR(F12="Gold",F12="Diamond"),"PASS","FAIL") -> PASS
A13: StarterPack | B13: 스타터 팩 | C13: Tutorial | D13: Gold | E13: 0 | F13: Gold | G13: 0 | H13: 6 | I13: 1 | J13: ='02_공통파라미터'!$B$23 -> 0.45 | K13: ='02_공통파라미터'!$B$24 -> 1 | L13: =H13*J13*K13 -> 2.7 | M13: =H13*(1-J13) -> 3.3 | N13: =IF(OR(F13="Gold",F13="Diamond"),"PASS","FAIL") -> PASS

Sheet 07_카드성장
A1: 카드 강화·한계돌파 비용
A2: 일반 강화는 Shard, 한계돌파는 해당 카드 중복에서 얻는 CardFood만 소비합니다.
A4: 성장축 | B4: 목표 단계 | C4: 재화 | D4: 현재 비용 | E4: 제안 비용 | F4: 성공률 | G4: 기대 비용 | H4: 누적 비용(동일 재화) | I4: 효과 | J4: QA
A5: 강화 | B5: Lv2 | C5: Shard | D5: 25 | E5: 25 | F5: 1 | G5: =IF(F5>0,E5/F5,0) -> 25 | H5: =SUMIFS($G$5:G5,$C$5:C5,C5) -> 25 | I5: HP 성장/진화 준비 | J5: =IF(OR(AND(A5="강화",C5="Shard"),AND(A5="한계돌파",C5="CardFood")),"PASS","FAIL") -> PASS
A6: 강화 | B6: Lv3 | C6: Shard | D6: 75 | E6: 75 | F6: 1 | G6: =IF(F6>0,E6/F6,0) -> 75 | H6: =SUMIFS($G$5:G6,$C$5:C6,C6) -> 100 | I6: 1차 진화·시너지 해금 | J6: =IF(OR(AND(A6="강화",C6="Shard"),AND(A6="한계돌파",C6="CardFood")),"PASS","FAIL") -> PASS
A7: 강화 | B7: Lv4 | C7: Shard | D7: 150 | E7: 150 | F7: 1 | G7: =IF(F7>0,E7/F7,0) -> 150 | H7: =SUMIFS($G$5:G7,$C$5:C7,C7) -> 250 | I7: 2차 진화·키워드 강화 | J7: =IF(OR(AND(A7="강화",C7="Shard"),AND(A7="한계돌파",C7="CardFood")),"PASS","FAIL") -> PASS
A8: 한계돌파 | B8: 1단계 | C8: CardFood | D8: 1 | E8: 1 | F8: 1 | G8: =IF(F8>0,E8/F8,0) -> 1 | H8: =SUMIFS($G$5:G8,$C$5:C8,C8) -> 1 | I8: 해당 카드 HP +1 | J8: =IF(OR(AND(A8="강화",C8="Shard"),AND(A8="한계돌파",C8="CardFood")),"PASS","FAIL") -> PASS
A9: 한계돌파 | B9: 2단계 | C9: CardFood | D9: 2 | E9: 2 | F9: 1 | G9: =IF(F9>0,E9/F9,0) -> 2 | H9: =SUMIFS($G$5:G9,$C$5:C9,C9) -> 3 | I9: 해당 카드 HP +1 | J9: =IF(OR(AND(A9="강화",C9="Shard"),AND(A9="한계돌파",C9="CardFood")),"PASS","FAIL") -> PASS
A10: 한계돌파 | B10: 3단계 | C10: CardFood | D10: 3 | E10: 3 | F10: 1 | G10: =IF(F10>0,E10/F10,0) -> 3 | H10: =SUMIFS($G$5:G10,$C$5:C10,C10) -> 6 | I10: 해당 카드 HP +1 | J10: =IF(OR(AND(A10="강화",C10="Shard"),AND(A10="한계돌파",C10="CardFood")),"PASS","FAIL") -> PASS

Sheet 08_키워드성장
A1: 키워드 강화 Energy 비용
A2: 키워드 한 종류의 Lv1~Lv10 성장 곡선. 기본식은 5×대상 레벨입니다.
A4: 키워드 | B4: 현재 Lv | C4: 목표 Lv | D4: 재화 | E4: 현재식 비용 | F4: 제안 비용 | G4: 효과 HP | H4: 누적 Energy | I4: QA
A5: 대표 키워드 | B5: 0 | C5: 1 | D5: Energy | E5: 5 | F5: 5 | G5: 1 | H5: =SUM($F$5:F5) -> 5 | I5: =IF(D5="Energy","PASS","FAIL") -> PASS
A6: 대표 키워드 | B6: 1 | C6: 2 | D6: Energy | E6: 10 | F6: 10 | G6: 1 | H6: =SUM($F$5:F6) -> 15 | I6: =IF(D6="Energy","PASS","FAIL") -> PASS
A7: 대표 키워드 | B7: 2 | C7: 3 | D7: Energy | E7: 15 | F7: 15 | G7: 1 | H7: =SUM($F$5:F7) -> 30 | I7: =IF(D7="Energy","PASS","FAIL") -> PASS
A8: 대표 키워드 | B8: 3 | C8: 4 | D8: Energy | E8: 20 | F8: 20 | G8: 1 | H8: =SUM($F$5:F8) -> 50 | I8: =IF(D8="Energy","PASS","FAIL") -> PASS
A9: 대표 키워드 | B9: 4 | C9: 5 | D9: Energy | E9: 25 | F9: 25 | G9: 1 | H9: =SUM($F$5:F9) -> 75 | I9: =IF(D9="Energy","PASS","FAIL") -> PASS
A10: 대표 키워드 | B10: 5 | C10: 6 | D10: Energy | E10: 30 | F10: 30 | G10: 1 | H10: =SUM($F$5:F10) -> 105 | I10: =IF(D10="Energy","PASS","FAIL") -> PASS
A11: 대표 키워드 | B11: 6 | C11: 7 | D11: Energy | E11: 35 | F11: 35 | G11: 1 | H11: =SUM($F$5:F11) -> 140 | I11: =IF(D11="Energy","PASS","FAIL") -> PASS
A12: 대표 키워드 | B12: 7 | C12: 8 | D12: Energy | E12: 40 | F12: 40 | G12: 1 | H12: =SUM($F$5:F12) -> 180 | I12: =IF(D12="Energy","PASS","FAIL") -> PASS
A13: 대표 키워드 | B13: 8 | C13: 9 | D13: Energy | E13: 45 | F13: 45 | G13: 1 | H13: =SUM($F$5:F13) -> 225 | I13: =IF(D13="Energy","PASS","FAIL") -> PASS
A14: 대표 키워드 | B14: 9 | C14: 10 | D14: Energy | E14: 50 | F14: 50 | G14: 1 | H14: =SUM($F$5:F14) -> 275 | I14: =IF(D14="Energy","PASS","FAIL") -> PASS

Sheet 09_재화흐름
A1: 재화 수급·소비 흐름
A2: 모든 Source/Sink를 주 단위로 환산합니다. Energy·Shard의 불법 Source는 QA 열에서 즉시 탐지됩니다.
A4: 재화 | B4: 방향 | C4: 경로 | D4: 반복성 | E4: 해금/조건 | F4: 1회량 | G4: 횟수/주 | H4: 주간 절대량 | I4: 주간 순변동 | J4: Source 허용 | K4: 비고
A5: Gold | B5: Source | C5: 게임결과-승리 | D5: 반복 | E5: 전투 해금 | F5: ='03_게임결과보상'!$G$5 -> 30 | G5: ='03_게임결과보상'!$H$5*7 -> 23.1 | H5: =F5*G5 -> 693 | I5: =IF(B5="Source",H5,-H5) -> 693 | J5: =IF(B5="Sink","PASS",IF(OR(A5="Energy",A5="Shard"),IF(OR(C5="토너먼트",C5="앨범"),"PASS","FAIL"),IF(A5="CardFood",IF(C5="카드팩 중복","PASS","FAIL"),"PASS"))) -> PASS | K5: 전투 보상
A6: Gold | B6: Source | C6: 게임결과-패배 | D6: 반복 | E6: 전투 해금 | F6: ='03_게임결과보상'!$G$6 -> 5 | G6: ='03_게임결과보상'!$H$6*7 -> 18.9 | H6: =F6*G6 -> 94.5 | I6: =IF(B6="Source",H6,-H6) -> 94.5 | J6: =IF(B6="Sink","PASS",IF(OR(A6="Energy",A6="Shard"),IF(OR(C6="토너먼트",C6="앨범"),"PASS","FAIL"),IF(A6="CardFood",IF(C6="카드팩 중복","PASS","FAIL"),"PASS"))) -> PASS | K6: 패배 완화
A7: Energy | B7: Source | C7: 토너먼트 | D7: 일회성 | E7: 노드/챕터 수령 | F7: =SUMIF('04_토너먼트보상'!$D$5:$D$16,A7,'04_토너먼트보상'!$H$5:$H$16) -> 26.666667 | G7: 1 | H7: =F7*G7 -> 26.666667 | I7: =IF(B7="Source",H7,-H7) -> 26.666667 | J7: =IF(B7="Sink","PASS",IF(OR(A7="Energy",A7="Shard"),IF(OR(C7="토너먼트",C7="앨범"),"PASS","FAIL"),IF(A7="CardFood",IF(C7="카드팩 중복","PASS","FAIL"),"PASS"))) -> PASS | K7: 전용 수급처
A8: Shard | B8: Source | C8: 토너먼트 | D8: 일회성 | E8: 노드/챕터 수령 | F8: =SUMIF('04_토너먼트보상'!$D$5:$D$16,A8,'04_토너먼트보상'!$H$5:$H$16) -> 75 | G8: 1 | H8: =F8*G8 -> 75 | I8: =IF(B8="Source",H8,-H8) -> 75 | J8: =IF(B8="Sink","PASS",IF(OR(A8="Energy",A8="Shard"),IF(OR(C8="토너먼트",C8="앨범"),"PASS","FAIL"),IF(A8="CardFood",IF(C8="카드팩 중복","PASS","FAIL"),"PASS"))) -> PASS | K8: 전용 수급처
A9: Energy | B9: Source | C9: 앨범 | D9: 일회성 | E9: 페이지/테마/전체 완성 | F9: =SUMIF('05_앨범보상'!$D$5:$D$12,A9,'05_앨범보상'!$H$5:$H$12) -> 6.375 | G9: 1 | H9: =F9*G9 -> 6.375 | I9: =IF(B9="Source",H9,-H9) -> 6.375 | J9: =IF(B9="Sink","PASS",IF(OR(A9="Energy",A9="Shard"),IF(OR(C9="토너먼트",C9="앨범"),"PASS","FAIL"),IF(A9="CardFood",IF(C9="카드팩 중복","PASS","FAIL"),"PASS"))) -> PASS | K9: 전용 수급처
A10: Shard | B10: Source | C10: 앨범 | D10: 일회성 | E10: 페이지/테마/전체 완성 | F10: =SUMIF('05_앨범보상'!$D$5:$D$12,A10,'05_앨범보상'!$H$5:$H$12) -> 15.675 | G10: 1 | H10: =F10*G10 -> 15.675 | I10: =IF(B10="Source",H10,-H10) -> 15.675 | J10: =IF(B10="Sink","PASS",IF(OR(A10="Energy",A10="Shard"),IF(OR(C10="토너먼트",C10="앨범"),"PASS","FAIL"),IF(A10="CardFood",IF(C10="카드팩 중복","PASS","FAIL"),"PASS"))) -> PASS | K10: 전용 수급처
A11: Gold | B11: Sink | C11: 카드팩-Normal | D11: 반복 | E11: 팩 해금 | F11: ='06_카드팩'!$G$5 -> 250 | G11: =INDEX('02_공통파라미터'!$G$7:$G$9,MATCH('02_공통파라미터'!$B$4,'02_공통파라미터'!$A$7:$A$9,0)) -> 2 | H11: =F11*G11 -> 500 | I11: =IF(B11="Source",H11,-H11) -> -500 | J11: =IF(B11="Sink","PASS",IF(OR(A11="Energy",A11="Shard"),IF(OR(C11="토너먼트",C11="앨범"),"PASS","FAIL"),IF(A11="CardFood",IF(C11="카드팩 중복","PASS","FAIL"),"PASS"))) -> PASS | K11: 주요 Gold Sink
A12: Diamond | B12: Sink | C12: 카드팩-테마/Ultra | D12: 반복 | E12: 팩/랭크 해금 | F12: ='06_카드팩'!$G$7 -> 30 | G12: =INDEX('02_공통파라미터'!$H$7:$H$9,MATCH('02_공통파라미터'!$B$4,'02_공통파라미터'!$A$7:$A$9,0))/4.345 -> 0.2301496 | H12: =F12*G12 -> 6.9044879 | I12: =IF(B12="Source",H12,-H12) -> -6.9044879 | J12: =IF(B12="Sink","PASS",IF(OR(A12="Energy",A12="Shard"),IF(OR(C12="토너먼트",C12="앨범"),"PASS","FAIL"),IF(A12="CardFood",IF(C12="카드팩 중복","PASS","FAIL"),"PASS"))) -> PASS | K12: 월 횟수를 주 환산
A13: Shard | B13: Sink | C13: 카드 일반강화 | D13: 반복 | E13: 카드 보유 | F13: =AVERAGE('07_카드성장'!$G$5:$G$7) -> 83.333333 | G13: =INDEX('02_공통파라미터'!$I$7:$I$9,MATCH('02_공통파라미터'!$B$4,'02_공통파라미터'!$A$7:$A$9,0)) -> 1 | H13: =F13*G13 -> 83.333333 | I13: =IF(B13="Source",H13,-H13) -> -83.333333 | J13: =IF(B13="Sink","PASS",IF(OR(A13="Energy",A13="Shard"),IF(OR(C13="토너먼트",C13="앨범"),"PASS","FAIL"),IF(A13="CardFood",IF(C13="카드팩 중복","PASS","FAIL"),"PASS"))) -> PASS | K13: 강화 단계 평균
A14: Energy | B14: Sink | C14: 키워드 강화 | D14: 반복 | E14: 2차 진화 | F14: =AVERAGE('08_키워드성장'!$F$5:$F$14) -> 27.5 | G14: =INDEX('02_공통파라미터'!$J$7:$J$9,MATCH('02_공통파라미터'!$B$4,'02_공통파라미터'!$A$7:$A$9,0)) -> 0.5 | H14: =F14*G14 -> 13.75 | I14: =IF(B14="Source",H14,-H14) -> -13.75 | J14: =IF(B14="Sink","PASS",IF(OR(A14="Energy",A14="Shard"),IF(OR(C14="토너먼트",C14="앨범"),"PASS","FAIL"),IF(A14="CardFood",IF(C14="카드팩 중복","PASS","FAIL"),"PASS"))) -> PASS | K14: 키워드 단계 평균
A15: CardFood | B15: Source | C15: 카드팩 중복 | D15: 반복 | E15: 해당 카드 중복 | F15: ='06_카드팩'!$L$5 -> 2.7 | G15: =INDEX('02_공통파라미터'!$G$7:$G$9,MATCH('02_공통파라미터'!$B$4,'02_공통파라미터'!$A$7:$A$9,0)) -> 2 | H15: =F15*G15 -> 5.4 | I15: =IF(B15="Source",H15,-H15) -> 5.4 | J15: =IF(B15="Sink","PASS",IF(OR(A15="Energy",A15="Shard"),IF(OR(C15="토너먼트",C15="앨범"),"PASS","FAIL"),IF(A15="CardFood",IF(C15="카드팩 중복","PASS","FAIL"),"PASS"))) -> PASS | K15: 대표 카드 환산 전 전체 먹이 기대치
A16: CardFood | B16: Sink | C16: 한계돌파 | D16: 반복 | E16: 해당 카드 보유 | F16: =AVERAGE('07_카드성장'!$G$8:$G$10) -> 2 | G16: =INDEX('02_공통파라미터'!$K$7:$K$9,MATCH('02_공통파라미터'!$B$4,'02_공통파라미터'!$A$7:$A$9,0)) -> 0.3 | H16: =F16*G16 -> 0.6 | I16: =IF(B16="Source",H16,-H16) -> -0.6 | J16: =IF(B16="Sink","PASS",IF(OR(A16="Energy",A16="Shard"),IF(OR(C16="토너먼트",C16="앨범"),"PASS","FAIL"),IF(A16="CardFood",IF(C16="카드팩 중복","PASS","FAIL"),"PASS"))) -> PASS | K16: 대표 카드 기준

Sheet 10_시뮬레이터
A1: 30일 재화 잔액 시뮬레이터
A2: 선택 시나리오의 주간 평균 Source/Sink를 일 단위로 환산합니다. CardFood는 대표 카드 기준 참고치입니다.
A4: Day | B4: Gold | C4: Diamond | D4: Energy | E4: Shard | F4: 대표 CardFood | G4: Gold 일변동 | H4: Diamond 일변동 | I4: Energy 일변동 | J4: Shard 일변동 | K4: CardFood 일변동
A5: 0 | B5: ='02_공통파라미터'!$B$15 -> 500 | C5: ='02_공통파라미터'!$B$16 -> 100 | D5: ='02_공통파라미터'!$B$17 -> 0 | E5: ='02_공통파라미터'!$B$18 -> 0 | F5: ='02_공통파라미터'!$B$19 -> 0 | G5: =SUMIF('09_재화흐름'!$A$5:$A$16,"Gold",'09_재화흐름'!$I$5:$I$16)/7 -> 41.071429 | H5: =SUMIF('09_재화흐름'!$A$5:$A$16,"Diamond",'09_재화흐름'!$I$5:$I$16)/7 -> -0.98635542 | I5: =SUMIF('09_재화흐름'!$A$5:$A$16,"Energy",'09_재화흐름'!$I$5:$I$16)/7 -> 2.7559524 | J5: =SUMIF('09_재화흐름'!$A$5:$A$16,"Shard",'09_재화흐름'!$I$5:$I$16)/7 -> 1.0488095 | K5: =SUMIF('09_재화흐름'!$A$5:$A$16,"CardFood",'09_재화흐름'!$I$5:$I$16)/7 -> 0.68571429
A6: 1 | B6: =B5+G6 -> 541.07143 | C6: =C5+H6 -> 99.013645 | D6: =D5+I6 -> 2.7559524 | E6: =E5+J6 -> 1.0488095 | F6: =F5+K6 -> 0.68571429 | G6: =SUMIF('09_재화흐름'!$A$5:$A$16,"Gold",'09_재화흐름'!$I$5:$I$16)/7 -> 41.071429 | H6: =SUMIF('09_재화흐름'!$A$5:$A$16,"Diamond",'09_재화흐름'!$I$5:$I$16)/7 -> -0.98635542 | I6: =SUMIF('09_재화흐름'!$A$5:$A$16,"Energy",'09_재화흐름'!$I$5:$I$16)/7 -> 2.7559524 | J6: =SUMIF('09_재화흐름'!$A$5:$A$16,"Shard",'09_재화흐름'!$I$5:$I$16)/7 -> 1.0488095 | K6: =SUMIF('09_재화흐름'!$A$5:$A$16,"CardFood",'09_재화흐름'!$I$5:$I$16)/7 -> 0.68571429
A7: 2 | B7: =B6+G7 -> 582.14286 | C7: =C6+H7 -> 98.027289 | D7: =D6+I7 -> 5.5119048 | E7: =E6+J7 -> 2.097619 | F7: =F6+K7 -> 1.3714286 | G7: =SUMIF('09_재화흐름'!$A$5:$A$16,"Gold",'09_재화흐름'!$I$5:$I$16)/7 -> 41.071429 | H7: =SUMIF('09_재화흐름'!$A$5:$A$16,"Diamond",'09_재화흐름'!$I$5:$I$16)/7 -> -0.98635542 | I7: =SUMIF('09_재화흐름'!$A$5:$A$16,"Energy",'09_재화흐름'!$I$5:$I$16)/7 -> 2.7559524 | J7: =SUMIF('09_재화흐름'!$A$5:$A$16,"Shard",'09_재화흐름'!$I$5:$I$16)/7 -> 1.0488095 | K7: =SUMIF('09_재화흐름'!$A$5:$A$16,"CardFood",'09_재화흐름'!$I$5:$I$16)/7 -> 0.68571429
A8: 3 | B8: =B7+G8 -> 623.21429 | C8: =C7+H8 -> 97.040934 | D8: =D7+I8 -> 8.2678571 | E8: =E7+J8 -> 3.1464286 | F8: =F7+K8 -> 2.0571429 | G8: =SUMIF('09_재화흐름'!$A$5:$A$16,"Gold",'09_재화흐름'!$I$5:$I$16)/7 -> 41.071429 | H8: =SUMIF('09_재화흐름'!$A$5:$A$16,"Diamond",'09_재화흐름'!$I$5:$I$16)/7 -> -0.98635542 | I8: =SUMIF('09_재화흐름'!$A$5:$A$16,"Energy",'09_재화흐름'!$I$5:$I$16)/7 -> 2.7559524 | J8: =SUMIF('09_재화흐름'!$A$5:$A$16,"Shard",'09_재화흐름'!$I$5:$I$16)/7 -> 1.0488095 | K8: =SUMIF('09_재화흐름'!$A$5:$A$16,"CardFood",'09_재화흐름'!$I$5:$I$16)/7 -> 0.68571429
A9: 4 | B9: =B8+G9 -> 664.28571 | C9: =C8+H9 -> 96.054578 | D9: =D8+I9 -> 11.02381 | E9: =E8+J9 -> 4.1952381 | F9: =F8+K9 -> 2.7428571 | G9: =SUMIF('09_재화흐름'!$A$5:$A$16,"Gold",'09_재화흐름'!$I$5:$I$16)/7 -> 41.071429 | H9: =SUMIF('09_재화흐름'!$A$5:$A$16,"Diamond",'09_재화흐름'!$I$5:$I$16)/7 -> -0.98635542 | I9: =SUMIF('09_재화흐름'!$A$5:$A$16,"Energy",'09_재화흐름'!$I$5:$I$16)/7 -> 2.7559524 | J9: =SUMIF('09_재화흐름'!$A$5:$A$16,"Shard",'09_재화흐름'!$I$5:$I$16)/7 -> 1.0488095 | K9: =SUMIF('09_재화흐름'!$A$5:$A$16,"CardFood",'09_재화흐름'!$I$5:$I$16)/7 -> 0.68571429
A10: 5 | B10: =B9+G10 -> 705.35714 | C10: =C9+H10 -> 95.068223 | D10: =D9+I10 -> 13.779762 | E10: =E9+J10 -> 5.2440476 | F10: =F9+K10 -> 3.4285714 | G10: =SUMIF('09_재화흐름'!$A$5:$A$16,"Gold",'09_재화흐름'!$I$5:$I$16)/7 -> 41.071429 | H10: =SUMIF('09_재화흐름'!$A$5:$A$16,"Diamond",'09_재화흐름'!$I$5:$I$16)/7 -> -0.98635542 | I10: =SUMIF('09_재화흐름'!$A$5:$A$16,"Energy",'09_재화흐름'!$I$5:$I$16)/7 -> 2.7559524 | J10: =SUMIF('09_재화흐름'!$A$5:$A$16,"Shard",'09_재화흐름'!$I$5:$I$16)/7 -> 1.0488095 | K10: =SUMIF('09_재화흐름'!$A$5:$A$16,"CardFood",'09_재화흐름'!$I$5:$I$16)/7 -> 0.68571429
A11: 6 | B11: =B10+G11 -> 746.42857 | C11: =C10+H11 -> 94.081867 | D11: =D10+I11 -> 16.535714 | E11: =E10+J11 -> 6.2928571 | F11: =F10+K11 -> 4.1142857 | G11: =SUMIF('09_재화흐름'!$A$5:$A$16,"Gold",'09_재화흐름'!$I$5:$I$16)/7 -> 41.071429 | H11: =SUMIF('09_재화흐름'!$A$5:$A$16,"Diamond",'09_재화흐름'!$I$5:$I$16)/7 -> -0.98635542 | I11: =SUMIF('09_재화흐름'!$A$5:$A$16,"Energy",'09_재화흐름'!$I$5:$I$16)/7 -> 2.7559524 | J11: =SUMIF('09_재화흐름'!$A$5:$A$16,"Shard",'09_재화흐름'!$I$5:$I$16)/7 -> 1.0488095 | K11: =SUMIF('09_재화흐름'!$A$5:$A$16,"CardFood",'09_재화흐름'!$I$5:$I$16)/7 -> 0.68571429
A12: 7 | B12: =B11+G12 -> 787.5 | C12: =C11+H12 -> 93.095512 | D12: =D11+I12 -> 19.291667 | E12: =E11+J12 -> 7.3416667 | F12: =F11+K12 -> 4.8 | G12: =SUMIF('09_재화흐름'!$A$5:$A$16,"Gold",'09_재화흐름'!$I$5:$I$16)/7 -> 41.071429 | H12: =SUMIF('09_재화흐름'!$A$5:$A$16,"Diamond",'09_재화흐름'!$I$5:$I$16)/7 -> -0.98635542 | I12: =SUMIF('09_재화흐름'!$A$5:$A$16,"Energy",'09_재화흐름'!$I$5:$I$16)/7 -> 2.7559524 | J12: =SUMIF('09_재화흐름'!$A$5:$A$16,"Shard",'09_재화흐름'!$I$5:$I$16)/7 -> 1.0488095 | K12: =SUMIF('09_재화흐름'!$A$5:$A$16,"CardFood",'09_재화흐름'!$I$5:$I$16)/7 -> 0.68571429
A13: 8 | B13: =B12+G13 -> 828.57143 | C13: =C12+H13 -> 92.109157 | D13: =D12+I13 -> 22.047619 | E13: =E12+J13 -> 8.3904762 | F13: =F12+K13 -> 5.4857143 | G13: =SUMIF('09_재화흐름'!$A$5:$A$16,"Gold",'09_재화흐름'!$I$5:$I$16)/7 -> 41.071429 | H13: =SUMIF('09_재화흐름'!$A$5:$A$16,"Diamond",'09_재화흐름'!$I$5:$I$16)/7 -> -0.98635542 | I13: =SUMIF('09_재화흐름'!$A$5:$A$16,"Energy",'09_재화흐름'!$I$5:$I$16)/7 -> 2.7559524 | J13: =SUMIF('09_재화흐름'!$A$5:$A$16,"Shard",'09_재화흐름'!$I$5:$I$16)/7 -> 1.0488095 | K13: =SUMIF('09_재화흐름'!$A$5:$A$16,"CardFood",'09_재화흐름'!$I$5:$I$16)/7 -> 0.68571429
A14: 9 | B14: =B13+G14 -> 869.64286 | C14: =C13+H14 -> 91.122801 | D14: =D13+I14 -> 24.803571 | E14: =E13+J14 -> 9.4392857 | F14: =F13+K14 -> 6.1714286 | G14: =SUMIF('09_재화흐름'!$A$5:$A$16,"Gold",'09_재화흐름'!$I$5:$I$16)/7 -> 41.071429 | H14: =SUMIF('09_재화흐름'!$A$5:$A$16,"Diamond",'09_재화흐름'!$I$5:$I$16)/7 -> -0.98635542 | I14: =SUMIF('09_재화흐름'!$A$5:$A$16,"Energy",'09_재화흐름'!$I$5:$I$16)/7 -> 2.7559524 | J14: =SUMIF('09_재화흐름'!$A$5:$A$16,"Shard",'09_재화흐름'!$I$5:$I$16)/7 -> 1.0488095 | K14: =SUMIF('09_재화흐름'!$A$5:$A$16,"CardFood",'09_재화흐름'!$I$5:$I$16)/7 -> 0.68571429
A15: 10 | B15: =B14+G15 -> 910.71429 | C15: =C14+H15 -> 90.136446 | D15: =D14+I15 -> 27.559524 | E15: =E14+J15 -> 10.488095 | F15: =F14+K15 -> 6.8571429 | G15: =SUMIF('09_재화흐름'!$A$5:$A$16,"Gold",'09_재화흐름'!$I$5:$I$16)/7 -> 41.071429 | H15: =SUMIF('09_재화흐름'!$A$5:$A$16,"Diamond",'09_재화흐름'!$I$5:$I$16)/7 -> -0.98635542 | I15: =SUMIF('09_재화흐름'!$A$5:$A$16,"Energy",'09_재화흐름'!$I$5:$I$16)/7 -> 2.7559524 | J15: =SUMIF('09_재화흐름'!$A$5:$A$16,"Shard",'09_재화흐름'!$I$5:$I$16)/7 -> 1.0488095 | K15: =SUMIF('09_재화흐름'!$A$5:$A$16,"CardFood",'09_재화흐름'!$I$5:$I$16)/7 -> 0.68571429
A16: 11 | B16: =B15+G16 -> 951.78571 | C16: =C15+H16 -> 89.15009 | D16: =D15+I16 -> 30.315476 | E16: =E15+J16 -> 11.536905 | F16: =F15+K16 -> 7.5428571 | G16: =SUMIF('09_재화흐름'!$A$5:$A$16,"Gold",'09_재화흐름'!$I$5:$I$16)/7 -> 41.071429 | H16: =SUMIF('09_재화흐름'!$A$5:$A$16,"Diamond",'09_재화흐름'!$I$5:$I$16)/7 -> -0.98635542 | I16: =SUMIF('09_재화흐름'!$A$5:$A$16,"Energy",'09_재화흐름'!$I$5:$I$16)/7 -> 2.7559524 | J16: =SUMIF('09_재화흐름'!$A$5:$A$16,"Shard",'09_재화흐름'!$I$5:$I$16)/7 -> 1.0488095 | K16: =SUMIF('09_재화흐름'!$A$5:$A$16,"CardFood",'09_재화흐름'!$I$5:$I$16)/7 -> 0.68571429
A17: 12 | B17: =B16+G17 -> 992.85714 | C17: =C16+H17 -> 88.163735 | D17: =D16+I17 -> 33.071429 | E17: =E16+J17 -> 12.585714 | F17: =F16+K17 -> 8.2285714 | G17: =SUMIF('09_재화흐름'!$A$5:$A$16,"Gold",'09_재화흐름'!$I$5:$I$16)/7 -> 41.071429 | H17: =SUMIF('09_재화흐름'!$A$5:$A$16,"Diamond",'09_재화흐름'!$I$5:$I$16)/7 -> -0.98635542 | I17: =SUMIF('09_재화흐름'!$A$5:$A$16,"Energy",'09_재화흐름'!$I$5:$I$16)/7 -> 2.7559524 | J17: =SUMIF('09_재화흐름'!$A$5:$A$16,"Shard",'09_재화흐름'!$I$5:$I$16)/7 -> 1.0488095 | K17: =SUMIF('09_재화흐름'!$A$5:$A$16,"CardFood",'09_재화흐름'!$I$5:$I$16)/7 -> 0.68571429
... A35: 30 | B35: =B34+G35 -> 1732.1429 | C35: =C34+H35 -> 70.409337 | D35: =D34+I35 -> 82.678571 | E35: =E34+J35 -> 31.464286 | F35: =F34+K35 -> 20.571429 | G35: =SUMIF('09_재화흐름'!$A$5:$A$16,"Gold",'09_재화흐름'!$I$5:$I$16)/7 -> 41.071429 | H35: =SUMIF('09_재화흐름'!$A$5:$A$16,"Diamond",'09_재화흐름'!$I$5:$I$16)/7 -> -0.98635542 | I35: =SUMIF('09_재화흐름'!$A$5:$A$16,"Energy",'09_재화흐름'!$I$5:$I$16)/7 -> 2.7559524 | J35: =SUMIF('09_재화흐름'!$A$5:$A$16,"Shard",'09_재화흐름'!$I$5:$I$16)/7 -> 1.0488095 | K35: =SUMIF('09_재화흐름'!$A$5:$A$16,"CardFood",'09_재화흐름'!$I$5:$I$16)/7 -> 0.68571429

Sheet 11_대시보드
A1: 경제 밸런스 대시보드
A2: 주간 Source/Sink, 순변동, 30일 예상 잔액을 한 화면에서 확인합니다.
A4: 재화 | B4: Source/주 | C4: Sink/주 | D4: 순변동/주 | E4: 초기 잔액 | F4: 30일 예상 | G4: 상태
A5: Gold | B5: =SUMIFS('09_재화흐름'!$H$5:$H$16,'09_재화흐름'!$A$5:$A$16,A5,'09_재화흐름'!$B$5:$B$16,"Source") -> 787.5 | C5: =SUMIFS('09_재화흐름'!$H$5:$H$16,'09_재화흐름'!$A$5:$A$16,A5,'09_재화흐름'!$B$5:$B$16,"Sink") -> 500 | D5: =B5-C5 -> 287.5 | E5: ='02_공통파라미터'!$B$15 -> 500 | F5: =E5+D5/7*30 -> 1732.1429 | G5: =IF(F5<0,"고갈",IF(AND(B5>0,C5=0),"소비처 점검","정상")) -> 정상
A6: Diamond | B6: =SUMIFS('09_재화흐름'!$H$5:$H$16,'09_재화흐름'!$A$5:$A$16,A6,'09_재화흐름'!$B$5:$B$16,"Source") -> 0 | C6: =SUMIFS('09_재화흐름'!$H$5:$H$16,'09_재화흐름'!$A$5:$A$16,A6,'09_재화흐름'!$B$5:$B$16,"Sink") -> 6.9044879 | D6: =B6-C6 -> -6.9044879 | E6: ='02_공통파라미터'!$B$16 -> 100 | F6: =E6+D6/7*30 -> 70.409337 | G6: =IF(F6<0,"고갈",IF(AND(B6>0,C6=0),"소비처 점검","정상")) -> 정상
A7: Energy | B7: =SUMIFS('09_재화흐름'!$H$5:$H$16,'09_재화흐름'!$A$5:$A$16,A7,'09_재화흐름'!$B$5:$B$16,"Source") -> 33.041667 | C7: =SUMIFS('09_재화흐름'!$H$5:$H$16,'09_재화흐름'!$A$5:$A$16,A7,'09_재화흐름'!$B$5:$B$16,"Sink") -> 13.75 | D7: =B7-C7 -> 19.291667 | E7: ='02_공통파라미터'!$B$17 -> 0 | F7: =E7+D7/7*30 -> 82.678571 | G7: =IF(F7<0,"고갈",IF(AND(B7>0,C7=0),"소비처 점검","정상")) -> 정상
A8: Shard | B8: =SUMIFS('09_재화흐름'!$H$5:$H$16,'09_재화흐름'!$A$5:$A$16,A8,'09_재화흐름'!$B$5:$B$16,"Source") -> 90.675 | C8: =SUMIFS('09_재화흐름'!$H$5:$H$16,'09_재화흐름'!$A$5:$A$16,A8,'09_재화흐름'!$B$5:$B$16,"Sink") -> 83.333333 | D8: =B8-C8 -> 7.3416667 | E8: ='02_공통파라미터'!$B$18 -> 0 | F8: =E8+D8/7*30 -> 31.464286 | G8: =IF(F8<0,"고갈",IF(AND(B8>0,C8=0),"소비처 점검","정상")) -> 정상
A9: CardFood | B9: =SUMIFS('09_재화흐름'!$H$5:$H$16,'09_재화흐름'!$A$5:$A$16,A9,'09_재화흐름'!$B$5:$B$16,"Source") -> 5.4 | C9: =SUMIFS('09_재화흐름'!$H$5:$H$16,'09_재화흐름'!$A$5:$A$16,A9,'09_재화흐름'!$B$5:$B$16,"Sink") -> 0.6 | D9: =B9-C9 -> 4.8 | E9: ='02_공통파라미터'!$B$19 -> 0 | F9: =E9+D9/7*30 -> 20.571429 | G9: =IF(F9<0,"고갈",IF(AND(B9>0,C9=0),"소비처 점검","정상")) -> 정상

Sheet 12_QA
A1: 경제 규칙 QA
A2: FAIL이 하나라도 있으면 스펙 반영 전에 원인을 수정합니다.
A4: 검사ID | B4: 검사 항목 | C4: 결과 | D4: 세부/조치 | E4: 중요도
A5: Q01 | B5: 게임 결과 보상이 Gold인가 | C5: =IF(COUNTIF('03_게임결과보상'!$B$5:$B$6,"<>Gold")=0,"PASS","FAIL") -> PASS | D5: Gold 외 재화를 제거 | E5: BLOCK
A6: Q02 | B6: 팩 오픈 재화가 Gold/Diamond인가 | C6: =IF(COUNTIFS('06_카드팩'!$F$5:$F$13,"<>Gold",'06_카드팩'!$F$5:$F$13,"<>Diamond")=0,"PASS","FAIL") -> PASS | D6: 팩 제안 재화를 수정 | E6: BLOCK
A7: Q03 | B7: Energy Source가 토너먼트/앨범뿐인가 | C7: =IF(SUMPRODUCT(('09_재화흐름'!$A$5:$A$16="Energy")*('09_재화흐름'!$B$5:$B$16="Source")*('09_재화흐름'!$C$5:$C$16<>"토너먼트")*('09_재화흐름'!$C$5:$C$16<>"앨범"))=0,"PASS","FAIL") -> PASS | D7: 불법 Energy Source 제거 | E7: BLOCK
A8: Q04 | B8: Shard Source가 토너먼트/앨범뿐인가 | C8: =IF(SUMPRODUCT(('09_재화흐름'!$A$5:$A$16="Shard")*('09_재화흐름'!$B$5:$B$16="Source")*('09_재화흐름'!$C$5:$C$16<>"토너먼트")*('09_재화흐름'!$C$5:$C$16<>"앨범"))=0,"PASS","FAIL") -> PASS | D8: 불법 Shard Source 제거 | E8: BLOCK
A9: Q05 | B9: CardFood Source가 카드팩 중복뿐인가 | C9: =IF(SUMPRODUCT(('09_재화흐름'!$A$5:$A$16="CardFood")*('09_재화흐름'!$B$5:$B$16="Source")*('09_재화흐름'!$C$5:$C$16<>"카드팩 중복"))=0,"PASS","FAIL") -> PASS | D9: 카드별 먹이 범용 지급 금지 | E9: BLOCK
A10: Q06 | B10: 키워드 강화가 Energy만 쓰는가 | C10: =IF(COUNTIF('08_키워드성장'!$D$5:$D$14,"<>Energy")=0,"PASS","FAIL") -> PASS | D10: 키워드 비용 재화 수정 | E10: BLOCK
A11: Q07 | B11: 일반 카드 강화가 Shard인가 | C11: =IF(COUNTIFS('07_카드성장'!$A$5:$A$10,"강화",'07_카드성장'!$C$5:$C$10,"<>Shard")=0,"PASS","FAIL") -> PASS | D11: 일반 강화 재화 수정 | E11: BLOCK
A12: Q08 | B12: 한계돌파가 CardFood인가 | C12: =IF(COUNTIFS('07_카드성장'!$A$5:$A$10,"한계돌파",'07_카드성장'!$C$5:$C$10,"<>CardFood")=0,"PASS","FAIL") -> PASS | D12: 한계돌파 재화 수정 | E12: BLOCK
A13: Q09 | B13: 수량·비용에 음수가 없는가 | C13: =IF(COUNTIF('09_재화흐름'!$F$5:$H$16,"<0")=0,"PASS","FAIL") -> PASS | D13: 음수 입력 제거 | E13: BLOCK
A14: Q10 | B14: 게임 결과 확률 합이 100%인가 | C14: =IF(ABS(SUM('03_게임결과보상'!$C$5:$C$6)-1)<0.0001,"PASS","FAIL") -> PASS | D14: 승률/패배 확률 확인 | E14: HIGH
A15: Q11 | B15: 30일 잔액이 음수가 아닌가 | C15: =IF(MIN('11_대시보드'!$F$5:$F$9)>=0,"PASS","FAIL") -> PASS | D15: 수급량 또는 소비 빈도 재조정 | E15: HIGH
A16: Q12 | B16: 세부 시트 QA가 모두 통과하는가 | C16: =IF(COUNTIF('04_토너먼트보상'!$J$5:$J$16,"FAIL")+COUNTIF('05_앨범보상'!$J$5:$J$12,"FAIL")+COUNTIF('06_카드팩'!$N$5:$N$13,"FAIL")+COUNTIF('07_카드성장'!$J$5:$J$10,"FAIL")+COUNTIF('08_키워드성장'!$I$5:$I$14,"FAIL")+COUNTIF('09_재화흐름'!$J$5:$J$16,"FAIL")=0,"PASS","FAIL") -> PASS | D16: 세부 QA 열 확인 | E16: BLOCK
A18: FAIL 수 | B18: =COUNTIF(C5:C16,"FAIL") -> 0

Sheet 13_출처와가정
A1: 출처·가정·반영 메모
A2: 숫자의 출처와 아직 확정되지 않은 가정을 분리해 추적합니다.
A4: 구분 | B4: 항목 | C4: 출처 | D4: 확인값/가정 | E4: 워크북 반영 | F4: 주의
A5: 프로젝트 | B5: 재화 enum | C5: Assets/Scripts/OutGame/Currency/ECurrencyType.cs | D5: Gold, Diamond, Energy, Shard | E5: 01/09/12 | F5: enum 순서 변경 금지
A6: 프로젝트 | B6: 전투 보상 | C6: Assets/SO/Reward/RewardConfig.asset | D6: goldPerCard=10, winFloor=10, loseGold=5 | E6: 03 | F6: 현재 구현값
A7: 프로젝트 | B7: 카드 강화 | C7: Assets/SO/CardGrowth/CardGrowthConfig.asset | D7: Shard 25/75/150 | E7: 07 | F7: 현재 구현값
A8: 프로젝트 | B8: 한계돌파 | C8: Assets/SO/CardGrowth/CardGrowthConfig.asset | D8: 카드별 먹이 1/2/3 | E8: 07 | F8: 현재 구현값
A9: 프로젝트 | B9: 중복 전환 | C9: Assets/Scripts/OutGame/CardPack/CardPackOpener.cs | D9: 중복 1장=해당 카드 먹이 1 | E9: 06/09 | F9: 전역재화 아님
A10: 프로젝트 | B10: 키워드 강화 | C10: Assets/Scripts/OutGame/Growth/KeywordGrowthConfig.cs | D10: Energy 5×대상레벨, 최대 Lv10 | E10: 08 | F10: 코드 기본값
A11: 프로젝트 | B11: 팩 폴백가 | C11: Assets/SO/CardPack/ShopPack/*.asset | D11: Gold 110/140, Diamond 30 | E11: 06 | F11: SpecData가 런타임 우선
A12: 프로젝트 | B12: 전용 보상 경로 | C12: TournamentProgress / AlbumRewardManager | D12: 스펙 기반 CurrencyManager.Earn | E12: 04/05/09 | F12: 수급 제한은 현재 코드가 아니라 데이터 QA로 보강
A13: 레퍼런스 | B13: 레벨디자인 구조 | C13: C:\Users\cookapps\Downloads\Goddess_Card_Arena_레벨디자인_마스터.xlsx | D13: 보상 정규화·진행 해금·팩 확률·QA 구조 참고 | E13: 전체 | F13: 수치는 직접 복사하지 않음
A14: 설계 가정 | B14: 플레이 시나리오 | C14: 본 워크북 02_공통파라미터 | D14: 라이트/표준/하드코어 | E14: 02~11 | F14: 운영 데이터로 교체 필요
A15: 설계 제안 | B15: Gold 팩 목표가 | C15: 본 워크북 | D15: Normal 250 / Special 400 | E15: 06/09 | F15: 현재 폴백보다 높음; A/B 테스트 필요
A16: 설계 제안 | B16: 토너먼트·앨범 보상 | C16: 본 워크북 | D16: Energy·Shard 전용 수급 | E16: 04/05 | F16: 실제 콘텐츠 길이에 맞춰 조정
